Employee Name,Phone Number,Email Address,Company
Edith,4128514211,Edith@gmail.com,Qcomp
Dulce,3596257797,Dulce@gmail.com,Scomp
Brynna,6564716609,Brynna@gmail.com,Ycomp
Florie,8843348537,Florie@gmail.com,Ucomp
Micheline,6880483933,Micheline@gmail.com,Ocomp
Sue,2038202375,Sue@gmail.com,Icomp
Tami,9310786835,Tami@gmail.com,Ncomp
Etta,5088120028,Etta@gmail.com,Ncomp
Corry,5659877820,Corry@gmail.com,Zcomp
Lulita,8642743660,Lulita@gmail.com,Hcomp
Mara,1839300209,Mara@gmail.com,Gcomp
Meg,6738261192,Meg@gmail.com,Xcomp
Lulita,8865897187,Lulita@gmail.com,Ocomp
Cecile,7961306738,Cecile@gmail.com,Xcomp
Jordan,7470371474,Jordan@gmail.com,Kcomp
Aurelie,5587638523,Aurelie@gmail.com,Wcomp
Briney,2897451526,Briney@gmail.com,Xcomp
Alie,4898657496,Alie@gmail.com,Fcomp
Nataline,5203925558,Nataline@gmail.com,Xcomp
Cyb,9026078980,Cyb@gmail.com,Tcomp
Althea,6163664707,Althea@gmail.com,Ucomp
Rosanne,5471980977,Rosanne@gmail.com,Kcomp
Christy,6252732673,Christy@gmail.com,Ocomp
Roslyn,9939284490,Roslyn@gmail.com,Icomp
Sharlene,4816536339,Sharlene@gmail.com,RComp
Marguerite,2176231133,Marguerite@gmail.com,Scomp
Esmeralda,6429942384,Esmeralda@gmail.com,Hcomp
Charlena,8128391226,Charlena@gmail.com,Lcomp
Tybie,4324376959,Tybie@gmail.com,Zcomp
Lita,8692283001,Lita@gmail.com,Xcomp
Mary,8651921783,Mary@gmail.com,Ucomp
Hermione,3279456601,Hermione@gmail.com,Tcomp
Ayn,8412738871,Ayn@gmail.com,Ecomp
Margalo,3902470220,Margalo@gmail.com,Jcomp
Clarice,9230931290,Clarice@gmail.com,Bcomp
Calla,2317237692,Calla@gmail.com,Tcomp
Etta,5499017126,Etta@gmail.com,Fcomp
Ethel,1357870055,Ethel@gmail.com,Xcomp
Addia,1584097295,Addia@gmail.com,Ycomp
Carmencita,6915865385,Carmencita@gmail.com,Ocomp
Beth,7721511837,Beth@gmail.com,Jcomp
Caritta,3215829915,Caritta@gmail.com,RComp
Madalyn,9640287059,Madalyn@gmail.com,Ycomp
Stacey,5467785476,Stacey@gmail.com,Qcomp
Iseabal,3966315909,Iseabal@gmail.com,Bcomp
Coral,6331219565,Coral@gmail.com,Fcomp
Odessa,2479933891,Odessa@gmail.com,Pcomp
Ethel,7760436439,Ethel@gmail.com,Pcomp
Hannis,2875170618,Hannis@gmail.com,Hcomp
Glenda,9019872400,Glenda@gmail.com,Ecomp
Emilia,8197838285,Emilia@gmail.com,Scomp
Silvana,5137347213,Silvana@gmail.com,Ecomp
Shell,3776801164,Shell@gmail.com,Fcomp
Linet,9377760284,Linet@gmail.com,Acomp
Kristan,9537647906,Kristan@gmail.com,Ccomp
Kara,6072176950,Kara@gmail.com,Ncomp
Ruthe,6583794442,Ruthe@gmail.com,Xcomp
Yvonne,9850741911,Yvonne@gmail.com,Lcomp
Inga,6242794698,Inga@gmail.com,RComp
Harrietta,7860209153,Harrietta@gmail.com,Gcomp
Gisela,1803718112,Gisela@gmail.com,Wcomp
Jobi,1538845447,Jobi@gmail.com,Wcomp
Shandie,7446065225,Shandie@gmail.com,Dcomp
Iseabal,8914269222,Iseabal@gmail.com,Ncomp
Marguerite,2270068586,Marguerite@gmail.com,Acomp
Dorice,4140802232,Dorice@gmail.com,Ocomp
Melodie,7523036911,Melodie@gmail.com,Ocomp
Ana,8278446222,Ana@gmail.com,Vcomp
Aurelie,1712967780,Aurelie@gmail.com,Wcomp
Tomasina,8350462357,Tomasina@gmail.com,Wcomp
Aili,5098691006,Aili@gmail.com,Acomp
Arabel,7197490687,Arabel@gmail.com,Icomp
Heida,2537179879,Heida@gmail.com,Ncomp
Sophia,5255137814,Sophia@gmail.com,Ccomp
Kirstin,9189282482,Kirstin@gmail.com,Zcomp
Audrie,8820668158,Audrie@gmail.com,Xcomp
Joelly,6598953063,Joelly@gmail.com,Ycomp
Mariann,3649052498,Mariann@gmail.com,Gcomp
Rosene,7885445445,Rosene@gmail.com,Kcomp
Janey,9302685802,Janey@gmail.com,Bcomp
Ann,5756879046,Ann@gmail.com,Ycomp
Monika,9665490575,Monika@gmail.com,Acomp
Dorothy,4509688961,Dorothy@gmail.com,Mcomp
Ebonee,5604999989,Ebonee@gmail.com,Icomp
Daune,6122575578,Daune@gmail.com,Ncomp
Gavrielle,4895321936,Gavrielle@gmail.com,Ncomp
Jinny,4397192744,Jinny@gmail.com,Kcomp
Valera,3197825387,Valera@gmail.com,Ecomp
Kial,4355433764,Kial@gmail.com,Ncomp
Dari,7493791473,Dari@gmail.com,Ecomp
Paola,6997752573,Paola@gmail.com,Lcomp
Louella,1950404943,Louella@gmail.com,Tcomp
Veda,4400987836,Veda@gmail.com,Mcomp
Louella,3390213944,Louella@gmail.com,Wcomp
Merrie,4577646803,Merrie@gmail.com,Icomp
Laure,1932779404,Laure@gmail.com,Ycomp
Tersina,5024437958,Tersina@gmail.com,Kcomp
Renie,8127378444,Renie@gmail.com,Icomp
Vanessa,1621494643,Vanessa@gmail.com,Ocomp
Dulcinea,9234100084,Dulcinea@gmail.com,Dcomp
Sheelagh,2740002063,Sheelagh@gmail.com,Acomp
Tersina,9411075908,Tersina@gmail.com,Fcomp
Brietta,1598717782,Brietta@gmail.com,Jcomp
Goldie,8913722917,Goldie@gmail.com,Vcomp
Fernande,5671640914,Fernande@gmail.com,Lcomp
Jeanna,5617345624,Jeanna@gmail.com,Xcomp
Dania,2075966085,Dania@gmail.com,Gcomp
Ileana,1495427397,Ileana@gmail.com,Jcomp
Meg,2662322630,Meg@gmail.com,Ocomp
Roz,7908229448,Roz@gmail.com,Xcomp
Daryl,7332556729,Daryl@gmail.com,Ecomp
Perry,4962630909,Perry@gmail.com,Ecomp
Dione,6665034144,Dione@gmail.com,Dcomp
Brianna,1934066104,Brianna@gmail.com,Lcomp
Fanchon,9046979124,Fanchon@gmail.com,Kcomp
Kerrin,7467948735,Kerrin@gmail.com,Lcomp
Netty,5845230333,Netty@gmail.com,Acomp
Neila,3306461910,Neila@gmail.com,Ccomp
Chere,1792682057,Chere@gmail.com,Vcomp
Tori,2186643004,Tori@gmail.com,Xcomp
Nickie,7850985016,Nickie@gmail.com,Ycomp
Joceline,1275640085,Joceline@gmail.com,Ncomp
Courtnay,4531550620,Courtnay@gmail.com,Ccomp
Genovera,4600287289,Genovera@gmail.com,Xcomp
Hermione,8453297750,Hermione@gmail.com,Fcomp
Beth,3284790757,Beth@gmail.com,Kcomp
Dyann,4767777216,Dyann@gmail.com,Dcomp
Cristabel,8704813374,Cristabel@gmail.com,Scomp
Farrah,7967888775,Farrah@gmail.com,Gcomp
Janeczka,9935372180,Janeczka@gmail.com,Lcomp
Loree,6294375572,Loree@gmail.com,Ecomp
Ekaterina,2347594323,Ekaterina@gmail.com,Qcomp
Monika,1710426665,Monika@gmail.com,Ncomp
Danika,7949518444,Danika@gmail.com,Scomp
Helsa,7358999656,Helsa@gmail.com,Acomp
Johna,8516783190,Johna@gmail.com,Ccomp
Danny,9512060070,Danny@gmail.com,Mcomp
Minne,6294476882,Minne@gmail.com,Kcomp
Justinn,2414189088,Justinn@gmail.com,Pcomp
Collen,8661053680,Collen@gmail.com,Acomp
Paola,3841568742,Paola@gmail.com,Jcomp
Linet,5438135637,Linet@gmail.com,RComp
Ottilie,9320199104,Ottilie@gmail.com,Hcomp
Edyth,3724214618,Edyth@gmail.com,Acomp
Daune,8793838813,Daune@gmail.com,Xcomp
Gertrud,9423990145,Gertrud@gmail.com,Qcomp
Anica,2382618018,Anica@gmail.com,Ccomp
Alexine,1526832838,Alexine@gmail.com,Jcomp
Oralee,6232426994,Oralee@gmail.com,Mcomp
Meg,8553361260,Meg@gmail.com,Wcomp
Kittie,2426901837,Kittie@gmail.com,Acomp
Cristine,9687913717,Cristine@gmail.com,Ocomp
Ellette,1753202454,Ellette@gmail.com,Ecomp
Leia,8447429414,Leia@gmail.com,Bcomp
Lorne,8538470757,Lorne@gmail.com,Gcomp
Tracey,8288992843,Tracey@gmail.com,Xcomp
Sean,7458211849,Sean@gmail.com,Qcomp
Marita,7637884040,Marita@gmail.com,Qcomp
Drucie,8572785402,Drucie@gmail.com,Dcomp
Wynne,6372533376,Wynne@gmail.com,Ocomp
Tressa,4820088400,Tressa@gmail.com,Acomp
Ninnetta,9759949533,Ninnetta@gmail.com,Vcomp
Daune,3902702230,Daune@gmail.com,Dcomp
Benita,7749483256,Benita@gmail.com,RComp
Gavrielle,2447078753,Gavrielle@gmail.com,Wcomp
Lusa,3226907892,Lusa@gmail.com,Wcomp
Marinna,3589173417,Marinna@gmail.com,Fcomp
Janeczka,6437466619,Janeczka@gmail.com,Kcomp
Emylee,2810700036,Emylee@gmail.com,Ncomp
Kerrin,8190141092,Kerrin@gmail.com,Jcomp
Deane,2762310495,Deane@gmail.com,Mcomp
Mathilda,7582353784,Mathilda@gmail.com,Dcomp
Etta,7075080274,Etta@gmail.com,Ccomp
Deloria,6110343316,Deloria@gmail.com,Hcomp
Rivalee,2163113572,Rivalee@gmail.com,Dcomp
Jean,7457975025,Jean@gmail.com,Ocomp
Juliane,6580318620,Juliane@gmail.com,Bcomp
Mariele,7205114105,Mariele@gmail.com,Lcomp
Korrie,4409938283,Korrie@gmail.com,Bcomp
Lucy,8880886170,Lucy@gmail.com,Ecomp
Anthia,4900553912,Anthia@gmail.com,Zcomp
Gusella,7398376148,Gusella@gmail.com,Ccomp
Lorie,4247977802,Lorie@gmail.com,Vcomp
Willetta,3636008398,Willetta@gmail.com,Ycomp
Reeba,2065813531,Reeba@gmail.com,Mcomp
Amalie,5888682264,Amalie@gmail.com,Icomp
Chloris,8575270846,Chloris@gmail.com,Scomp
Cassondra,5999026557,Cassondra@gmail.com,Gcomp
Dyann,8291062677,Dyann@gmail.com,Xcomp
Noelle,6059723488,Noelle@gmail.com,Mcomp
Giustina,1300877851,Giustina@gmail.com,Xcomp
Selma,1911434032,Selma@gmail.com,Ucomp
Hannis,6096645078,Hannis@gmail.com,Gcomp
Georgina,4842028888,Georgina@gmail.com,Kcomp
Chandra,3857237618,Chandra@gmail.com,Kcomp
Karlee,7944863791,Karlee@gmail.com,Lcomp
Debee,4484677819,Debee@gmail.com,Ucomp
Jsandye,5558498497,Jsandye@gmail.com,Qcomp
Myrtice,8341905081,Myrtice@gmail.com,Ncomp
Andree,5415465133,Andree@gmail.com,Pcomp
Jemie,4982061167,Jemie@gmail.com,Xcomp
Jacenta,4583361672,Jacenta@gmail.com,Pcomp
Danika,3521413741,Danika@gmail.com,Xcomp
Lorne,5016758142,Lorne@gmail.com,Pcomp
Calla,2234046639,Calla@gmail.com,Qcomp
Jolyn,3514722240,Jolyn@gmail.com,Tcomp
Gabi,8115556256,Gabi@gmail.com,Ncomp
Jenda,6761645700,Jenda@gmail.com,Pcomp
Evaleen,9770140150,Evaleen@gmail.com,Qcomp
Sybille,2045918393,Sybille@gmail.com,Hcomp
Maryellen,1657744072,Maryellen@gmail.com,Jcomp
Clarice,5106317701,Clarice@gmail.com,Ecomp
Janis,4734172770,Janis@gmail.com,RComp
Kristan,9637178076,Kristan@gmail.com,Gcomp
Tonia,8715533406,Tonia@gmail.com,Wcomp
Di,5526278395,Di@gmail.com,Zcomp
Agnese,7319775327,Agnese@gmail.com,Ecomp
Sissy,9163298786,Sissy@gmail.com,Ycomp
Rubie,3750029790,Rubie@gmail.com,Mcomp
Sashenka,1877325571,Sashenka@gmail.com,Xcomp
Netty,1788191770,Netty@gmail.com,Acomp
Theodora,3348399185,Theodora@gmail.com,Vcomp
Tamqrah,8307916247,Tamqrah@gmail.com,Ucomp
Corene,2791767963,Corene@gmail.com,Ncomp
Sue,4481866610,Sue@gmail.com,Ycomp
Micheline,2124849448,Micheline@gmail.com,Kcomp
Alejandra,2014608928,Alejandra@gmail.com,Hcomp
Sharai,6409505393,Sharai@gmail.com,Xcomp
Audrie,8216568980,Audrie@gmail.com,Tcomp
Hettie,8818198057,Hettie@gmail.com,Dcomp
Shirlee,7548737780,Shirlee@gmail.com,Ccomp
Nita,3645091461,Nita@gmail.com,Gcomp
Viviene,4408556047,Viviene@gmail.com,Ccomp
Averyl,4032203419,Averyl@gmail.com,Vcomp
Jsandye,4227364745,Jsandye@gmail.com,Mcomp
Shel,5335575638,Shel@gmail.com,Wcomp
Suzette,3547299415,Suzette@gmail.com,Icomp
Raf,4771438483,Raf@gmail.com,Bcomp
Fayre,1850417828,Fayre@gmail.com,Qcomp
Olwen,8435210693,Olwen@gmail.com,Bcomp
Cherilyn,3522023582,Cherilyn@gmail.com,Ccomp
Allyce,7075898382,Allyce@gmail.com,Tcomp
Rozele,3888578666,Rozele@gmail.com,Lcomp
Ketti,1351884950,Ketti@gmail.com,Scomp
Bertine,6223395449,Bertine@gmail.com,RComp
Frances,7192789994,Frances@gmail.com,Mcomp
Rhoda,3868871191,Rhoda@gmail.com,Dcomp
Molli,6232686302,Molli@gmail.com,Dcomp
Allis,6700916087,Allis@gmail.com,Ccomp
Hayley,4395281994,Hayley@gmail.com,Zcomp
Kellen,8217521459,Kellen@gmail.com,Acomp
Cordi,4265223577,Cordi@gmail.com,Ccomp
Elise,3255844307,Elise@gmail.com,Acomp
Alisha,7348097736,Alisha@gmail.com,Fcomp
Lindie,7389548102,Lindie@gmail.com,Dcomp
Ayn,2744129879,Ayn@gmail.com,Mcomp
Elka,2993917724,Elka@gmail.com,Ycomp
Ann-Marie,9564065590,Ann-Marie@gmail.com,Ccomp
Caryl,6286694265,Caryl@gmail.com,Pcomp
Kore,2247597307,Kore@gmail.com,Lcomp
Katharina,7836658772,Katharina@gmail.com,Ocomp
Vonny,3079145127,Vonny@gmail.com,Icomp
Fina,2249523179,Fina@gmail.com,Jcomp
Eugine,8910419735,Eugine@gmail.com,Acomp
Andeee,9999907999,Andeee@gmail.com,Acomp
Adele,2547860583,Adele@gmail.com,Jcomp
Tatiania,7024416018,Tatiania@gmail.com,Ocomp
Vere,6170357402,Vere@gmail.com,Xcomp
Di,7681326132,Di@gmail.com,Ocomp
Rori,2165316120,Rori@gmail.com,Tcomp
Addia,8407015557,Addia@gmail.com,Xcomp
Berget,1508829887,Berget@gmail.com,Hcomp
Oona,7677285338,Oona@gmail.com,Zcomp
Aubrie,3589726688,Aubrie@gmail.com,Qcomp
Ilse,1493217905,Ilse@gmail.com,Icomp
Sybille,4513662815,Sybille@gmail.com,Pcomp
Meg,7184605931,Meg@gmail.com,Zcomp
Melodie,6110919043,Melodie@gmail.com,Ycomp
Ricky,6334920901,Ricky@gmail.com,Icomp
Kittie,5822338115,Kittie@gmail.com,Gcomp
Iseabal,7158714955,Iseabal@gmail.com,RComp
Myriam,3623172939,Myriam@gmail.com,Kcomp
Aryn,6405184245,Aryn@gmail.com,Lcomp
Caryl,8420124239,Caryl@gmail.com,Ccomp
Meriel,6312569481,Meriel@gmail.com,Gcomp
Genevra,1742114763,Genevra@gmail.com,Ecomp
Angela,2796876032,Angela@gmail.com,Ucomp
Deirdre,9425471889,Deirdre@gmail.com,Kcomp
Marinna,3578388539,Marinna@gmail.com,Icomp
Melodie,8147383183,Melodie@gmail.com,Gcomp
Arlina,8984029693,Arlina@gmail.com,Wcomp
Berget,7349171702,Berget@gmail.com,Pcomp
Edyth,9187613349,Edyth@gmail.com,Scomp
Kathy,8151222199,Kathy@gmail.com,Ucomp
Gilligan,4093241093,Gilligan@gmail.com,Scomp
Mallory,7762737646,Mallory@gmail.com,Tcomp
Thalia,2263745550,Thalia@gmail.com,Hcomp
Andeee,7267936907,Andeee@gmail.com,Hcomp
Magdalena,3521036271,Magdalena@gmail.com,Lcomp
Esmeralda,7551050664,Esmeralda@gmail.com,Dcomp
Sherrie,6216643971,Sherrie@gmail.com,Acomp
Elsie,8243663467,Elsie@gmail.com,Mcomp
Phylis,6645577385,Phylis@gmail.com,Jcomp
Christian,2179293748,Christian@gmail.com,Kcomp
Adriana,3818084602,Adriana@gmail.com,Ucomp
Amelia,8286883074,Amelia@gmail.com,Acomp
Cissiee,4958493642,Cissiee@gmail.com,Bcomp
Rivalee,8544049425,Rivalee@gmail.com,Vcomp
Noelle,2440914737,Noelle@gmail.com,Dcomp
Cathie,9213895170,Cathie@gmail.com,Hcomp
Genovera,3170008559,Genovera@gmail.com,Pcomp
Clo,5657876660,Clo@gmail.com,Icomp
Britni,9430339633,Britni@gmail.com,Jcomp
Elfreda,6427078285,Elfreda@gmail.com,Tcomp
Mahalia,6994596241,Mahalia@gmail.com,Gcomp
Dulcinea,8659057107,Dulcinea@gmail.com,Ocomp
Margarette,4432009995,Margarette@gmail.com,Scomp
Mureil,7611696966,Mureil@gmail.com,Acomp
Veda,1480768127,Veda@gmail.com,Scomp
Shel,2603655285,Shel@gmail.com,Mcomp
Myriam,5013011373,Myriam@gmail.com,Tcomp
Margarette,2874740491,Margarette@gmail.com,Zcomp
Genovera,3136433092,Genovera@gmail.com,Ncomp
Allis,6215431569,Allis@gmail.com,Kcomp
Christian,7381646877,Christian@gmail.com,Pcomp
Carol,7634537340,Carol@gmail.com,Qcomp
Tressa,8796238045,Tressa@gmail.com,Zcomp
Ekaterina,5201258580,Ekaterina@gmail.com,Zcomp
Drucie,8762182156,Drucie@gmail.com,Mcomp
Renae,4238528195,Renae@gmail.com,Ecomp
Bee,9520316354,Bee@gmail.com,Kcomp
Florie,1462979746,Florie@gmail.com,Mcomp
Desirae,8951470517,Desirae@gmail.com,Vcomp
Dania,5367495155,Dania@gmail.com,Tcomp
Marylou,5618060760,Marylou@gmail.com,Gcomp
Aaren,9263464608,Aaren@gmail.com,Ucomp
Ezmeralda,8358762976,Ezmeralda@gmail.com,Mcomp
Christian,5142680876,Christian@gmail.com,Scomp
Claresta,5483635177,Claresta@gmail.com,Acomp
Magdalena,9683836786,Magdalena@gmail.com,Ucomp
Rayna,4643017760,Rayna@gmail.com,Fcomp
Gui,4636034968,Gui@gmail.com,Fcomp
Kaia,2592831593,Kaia@gmail.com,Ccomp
Ericka,2043039480,Ericka@gmail.com,RComp
Sibella,5002509879,Sibella@gmail.com,Kcomp
Barbi,5360952018,Barbi@gmail.com,Ccomp
Tiffie,6255208868,Tiffie@gmail.com,Ycomp
Ezmeralda,3551092154,Ezmeralda@gmail.com,Ncomp
Fredericka,5536701779,Fredericka@gmail.com,Ocomp
Selma,4260188505,Selma@gmail.com,Gcomp
Peri,1570792757,Peri@gmail.com,Scomp
Gloria,7082002848,Gloria@gmail.com,Acomp
Pierette,7757946224,Pierette@gmail.com,RComp
Paule,8317805642,Paule@gmail.com,Dcomp
Marsiella,2959303546,Marsiella@gmail.com,Tcomp
Chastity,6981423662,Chastity@gmail.com,RComp
Ira,7810596941,Ira@gmail.com,Ocomp
Fred,9562268287,Fred@gmail.com,Lcomp
Tobe,9542868685,Tobe@gmail.com,Hcomp
Lonnie,8060895733,Lonnie@gmail.com,Ncomp
Tamqrah,3983864806,Tamqrah@gmail.com,Ncomp
Kirstin,9958041031,Kirstin@gmail.com,Ncomp
Elvira,9397478935,Elvira@gmail.com,Dcomp
Bertine,6956137804,Bertine@gmail.com,Icomp
Penelopa,7764103923,Penelopa@gmail.com,Ycomp
Catrina,1353228765,Catrina@gmail.com,Ycomp
Robbi,3636685199,Robbi@gmail.com,Ucomp
Nadine,3762279888,Nadine@gmail.com,Zcomp
Sidoney,8020312783,Sidoney@gmail.com,Ccomp
Nerta,6805193053,Nerta@gmail.com,Hcomp
Belinda,6463210566,Belinda@gmail.com,Ucomp
Ketti,5895020897,Ketti@gmail.com,Icomp
Gerrie,6672825192,Gerrie@gmail.com,Vcomp
Micheline,8452776745,Micheline@gmail.com,Dcomp
Dacia,8792998833,Dacia@gmail.com,Pcomp
Nerta,7776529478,Nerta@gmail.com,Ncomp
Dione,1497261791,Dione@gmail.com,Ccomp
Nikki,7269266581,Nikki@gmail.com,RComp
Deirdre,7408177189,Deirdre@gmail.com,Zcomp
Dulce,7254749449,Dulce@gmail.com,Xcomp
Gisela,1885367599,Gisela@gmail.com,Ecomp
Ashlee,5764114656,Ashlee@gmail.com,Ucomp
Cacilie,3587793462,Cacilie@gmail.com,Xcomp
Celisse,8705034212,Celisse@gmail.com,Wcomp
Thalia,6588800828,Thalia@gmail.com,Vcomp
Keelia,2121235931,Keelia@gmail.com,Fcomp
Aaren,3956193094,Aaren@gmail.com,Ccomp
Amalie,5113250380,Amalie@gmail.com,Scomp
Oralee,8794079220,Oralee@gmail.com,Ccomp
Deedee,8875811851,Deedee@gmail.com,RComp
Vonny,3955095464,Vonny@gmail.com,Kcomp
Briney,9995226244,Briney@gmail.com,Dcomp
Ronna,5512483341,Ronna@gmail.com,Acomp
Oona,9524978432,Oona@gmail.com,Ecomp
Lory,8456745196,Lory@gmail.com,Lcomp
Melanie,9811801211,Melanie@gmail.com,Ycomp
Margalo,8910427918,Margalo@gmail.com,Tcomp
Regina,7541155851,Regina@gmail.com,Scomp
Roseline,9101770029,Roseline@gmail.com,Wcomp
Minda,5855797829,Minda@gmail.com,Dcomp
Ilse,9378328992,Ilse@gmail.com,Ocomp
Kirstin,5715075820,Kirstin@gmail.com,Scomp
Mary,4202460104,Mary@gmail.com,Scomp
Annice,1464348131,Annice@gmail.com,Icomp
Almeta,7556279078,Almeta@gmail.com,Acomp
Olivette,5240241291,Olivette@gmail.com,Tcomp
Nelle,3792933171,Nelle@gmail.com,Ocomp
Ernesta,1482360545,Ernesta@gmail.com,Ucomp
Shaylyn,9203790198,Shaylyn@gmail.com,Scomp
Roz,6755827465,Roz@gmail.com,Jcomp
Daphne,3127915126,Daphne@gmail.com,Acomp
Dianemarie,4652073176,Dianemarie@gmail.com,Pcomp
Ileana,9252773680,Ileana@gmail.com,Scomp
Jorry,3119098387,Jorry@gmail.com,Pcomp
Cyndie,7280187284,Cyndie@gmail.com,Dcomp
Letizia,9652686182,Letizia@gmail.com,Xcomp
Jacenta,5584253704,Jacenta@gmail.com,Vcomp
Lila,5849723313,Lila@gmail.com,Ncomp
Brandise,5932658164,Brandise@gmail.com,Gcomp
Codie,9701143289,Codie@gmail.com,Ecomp
Sharai,8269984965,Sharai@gmail.com,Jcomp
Rosene,2986538702,Rosene@gmail.com,Vcomp
Amelia,5372505857,Amelia@gmail.com,Kcomp
Violet,7258729870,Violet@gmail.com,Qcomp
Audrie,6886130174,Audrie@gmail.com,Scomp
Sibella,8907032754,Sibella@gmail.com,Wcomp
Mady,8099773442,Mady@gmail.com,RComp
Hayley,8197110298,Hayley@gmail.com,Jcomp
Mary,7700229980,Mary@gmail.com,Tcomp
Sandie,5554411504,Sandie@gmail.com,Pcomp
Sadie,6395249168,Sadie@gmail.com,Wcomp
Joane,6734239814,Joane@gmail.com,Lcomp
Ana,7730098055,Ana@gmail.com,Tcomp
Asia,9113976046,Asia@gmail.com,Dcomp
Lila,9810485865,Lila@gmail.com,Vcomp
Allis,5405316111,Allis@gmail.com,Dcomp
Ardeen,9545015388,Ardeen@gmail.com,Hcomp
Farrah,4147196626,Farrah@gmail.com,Ucomp
Damaris,2050565959,Damaris@gmail.com,Acomp
Merle,6955648225,Merle@gmail.com,Ucomp
Veda,2448193948,Veda@gmail.com,Hcomp
Verla,3578346199,Verla@gmail.com,Acomp
Rubie,4271394264,Rubie@gmail.com,Lcomp
Carol,5537952115,Carol@gmail.com,Ycomp
Elora,5503530234,Elora@gmail.com,Ncomp
Cindelyn,4269282798,Cindelyn@gmail.com,Qcomp
Georgetta,8384350061,Georgetta@gmail.com,Fcomp
Natka,3243529502,Natka@gmail.com,Ecomp
Maridel,3303986585,Maridel@gmail.com,Ocomp
Taffy,7369530319,Taffy@gmail.com,Bcomp
Kaia,5926758063,Kaia@gmail.com,Ucomp
Joy,9607102516,Joy@gmail.com,Scomp
Dominga,4405508622,Dominga@gmail.com,Qcomp
Rosabelle,3312159918,Rosabelle@gmail.com,Bcomp
Mariann,6892599659,Mariann@gmail.com,Zcomp
Zsa,8868013554,Zsa@gmail.com,Lcomp
Ulrike,4477509770,Ulrike@gmail.com,Tcomp
Korrie,9309739129,Korrie@gmail.com,Icomp
Shirlee,7971634289,Shirlee@gmail.com,Fcomp
Felice,7681939279,Felice@gmail.com,Jcomp
Lanna,5217074019,Lanna@gmail.com,Tcomp
Nonnah,2494055863,Nonnah@gmail.com,Tcomp
Vonny,9898497101,Vonny@gmail.com,Pcomp
Carmencita,4124832695,Carmencita@gmail.com,Acomp
Kayla,2470319793,Kayla@gmail.com,Ocomp
Dulce,3967441261,Dulce@gmail.com,Vcomp
Clary,7929341715,Clary@gmail.com,Ucomp
Alia,8844666976,Alia@gmail.com,Pcomp
Alia,4485342829,Alia@gmail.com,Tcomp
Charlena,8779147222,Charlena@gmail.com,Scomp
Amara,8566024583,Amara@gmail.com,Lcomp
Frances,3047414086,Frances@gmail.com,Kcomp
Annecorinne,1729986893,Annecorinne@gmail.com,Ycomp
Merrie,8997510768,Merrie@gmail.com,Zcomp
Ulrike,8983717465,Ulrike@gmail.com,Ecomp
Danny,2612892629,Danny@gmail.com,Icomp
Rozele,9507300870,Rozele@gmail.com,Icomp
Flo,5091908899,Flo@gmail.com,Scomp
Jere,8267276184,Jere@gmail.com,Lcomp
Jolyn,5866613931,Jolyn@gmail.com,Acomp
Carree,3142894610,Carree@gmail.com,Ncomp
Deirdre,5563940202,Deirdre@gmail.com,Ccomp
Queenie,5099438130,Queenie@gmail.com,Vcomp
Berget,4586298828,Berget@gmail.com,Bcomp
Elena,2764402779,Elena@gmail.com,Mcomp
Ezmeralda,7928028956,Ezmeralda@gmail.com,Jcomp
Rosabelle,7067598569,Rosabelle@gmail.com,Qcomp
Sybille,9713615843,Sybille@gmail.com,Ycomp
Daryl,6564474329,Daryl@gmail.com,Tcomp
Etta,9654294381,Etta@gmail.com,Ycomp
Genovera,6446921811,Genovera@gmail.com,Lcomp
Patricia,5247599085,Patricia@gmail.com,Ycomp
Roberta,2693593832,Roberta@gmail.com,Lcomp
Oralee,1500047298,Oralee@gmail.com,Xcomp
Christal,5115127387,Christal@gmail.com,Qcomp
Jinny,5580755878,Jinny@gmail.com,Hcomp
Lynnea,5081992240,Lynnea@gmail.com,Tcomp
Henriette,6961208525,Henriette@gmail.com,Wcomp
Clo,6209435879,Clo@gmail.com,Qcomp
Marline,4886739347,Marline@gmail.com,Mcomp
Philis,8745945340,Philis@gmail.com,Hcomp
Annora,1602083870,Annora@gmail.com,Wcomp
Aeriela,3481567496,Aeriela@gmail.com,Ecomp
Inga,4748665496,Inga@gmail.com,Ycomp
Kenna,4799236964,Kenna@gmail.com,Ocomp
Rosabelle,5008432866,Rosabelle@gmail.com,Xcomp
Libbie,8922084504,Libbie@gmail.com,Mcomp
Kaja,4949109998,Kaja@gmail.com,Scomp
Kalina,6495852337,Kalina@gmail.com,Mcomp
Tani,6519762835,Tani@gmail.com,RComp
Isa,6637325905,Isa@gmail.com,Ecomp
Marika,1986118881,Marika@gmail.com,Qcomp
Stacey,9910624020,Stacey@gmail.com,Xcomp
Anica,8069167806,Anica@gmail.com,Tcomp
Diena,3517714353,Diena@gmail.com,Qcomp
Juliane,7985111794,Juliane@gmail.com,Wcomp
Charmaine,2951099613,Charmaine@gmail.com,RComp
Dotty,7524559168,Dotty@gmail.com,Ycomp
Fawne,1257518226,Fawne@gmail.com,Fcomp
Georgetta,1554358802,Georgetta@gmail.com,Qcomp
Jordan,7028668436,Jordan@gmail.com,Wcomp
Jemie,9474716386,Jemie@gmail.com,Ucomp
Mady,3086329308,Mady@gmail.com,Qcomp
Tera,8399826694,Tera@gmail.com,Wcomp
Alyssa,9929359846,Alyssa@gmail.com,Dcomp
Annabela,5994735405,Annabela@gmail.com,Zcomp
Pollyanna,6614498844,Pollyanna@gmail.com,Ncomp
Dale,1389073390,Dale@gmail.com,Ccomp
Roxane,6532579768,Roxane@gmail.com,Icomp
Fina,6360078645,Fina@gmail.com,Xcomp
Beatriz,5361162539,Beatriz@gmail.com,Gcomp
Marylou,2265857064,Marylou@gmail.com,Qcomp
Eolanda,6461121288,Eolanda@gmail.com,Fcomp
Hayley,1261386383,Hayley@gmail.com,Pcomp
Yolane,6797310096,Yolane@gmail.com,Lcomp
Zia,4977392070,Zia@gmail.com,Kcomp
Aurelie,4447474316,Aurelie@gmail.com,Tcomp
Vere,8219813915,Vere@gmail.com,Lcomp
Willetta,9047576450,Willetta@gmail.com,Jcomp
Dacia,4862045215,Dacia@gmail.com,Tcomp
Zondra,3166526646,Zondra@gmail.com,Zcomp
Gusella,9629372742,Gusella@gmail.com,RComp
Shirlee,1698372007,Shirlee@gmail.com,Ccomp
Lynea,6380391405,Lynea@gmail.com,Ncomp
Gisela,7284083184,Gisela@gmail.com,Gcomp
Tarra,5246974012,Tarra@gmail.com,Gcomp
Madeleine,7519091871,Madeleine@gmail.com,Acomp
Misha,8397135688,Misha@gmail.com,Ycomp
Merle,8849097131,Merle@gmail.com,Ncomp
Correy,6942803379,Correy@gmail.com,Lcomp
Tybie,2775572820,Tybie@gmail.com,Acomp
Brana,7049235657,Brana@gmail.com,Hcomp
Carmela,4197026189,Carmela@gmail.com,Mcomp
Eadie,6428500501,Eadie@gmail.com,Jcomp
Codie,7118544103,Codie@gmail.com,Ycomp
Carol-Jean,9382860703,Carol-Jean@gmail.com,Dcomp
Corene,3707196582,Corene@gmail.com,Bcomp
Talya,2081495122,Talya@gmail.com,Pcomp
Trixi,6593941366,Trixi@gmail.com,Mcomp
Leontine,4912251598,Leontine@gmail.com,Lcomp
Shandie,5442165157,Shandie@gmail.com,Pcomp
Ofilia,6729670113,Ofilia@gmail.com,Gcomp
Lauryn,3780588524,Lauryn@gmail.com,Bcomp
Grier,2307892724,Grier@gmail.com,Ycomp
Deirdre,5548500826,Deirdre@gmail.com,Bcomp
Anestassia,1763146711,Anestassia@gmail.com,Ocomp
Flo,1528908975,Flo@gmail.com,Icomp
Noelle,6889344646,Noelle@gmail.com,Vcomp
Gaylene,4599468788,Gaylene@gmail.com,Dcomp
Wynne,9085478531,Wynne@gmail.com,Ncomp
Stacey,5116317007,Stacey@gmail.com,Kcomp
Raf,1601276468,Raf@gmail.com,Ccomp
Shaine,7020080717,Shaine@gmail.com,Jcomp
Myrtice,5776409495,Myrtice@gmail.com,Icomp
Ezmeralda,9786509357,Ezmeralda@gmail.com,Vcomp
Claudina,1452014497,Claudina@gmail.com,Vcomp
Blondelle,5745321539,Blondelle@gmail.com,Tcomp
Raquela,9826561183,Raquela@gmail.com,Kcomp
Luci,9697459979,Luci@gmail.com,Ocomp
Netty,9532479714,Netty@gmail.com,Tcomp
Lyssa,8671532997,Lyssa@gmail.com,Acomp
Ellette,3068678670,Ellette@gmail.com,Vcomp
Kalina,1406903385,Kalina@gmail.com,Ecomp
Gisela,1572344853,Gisela@gmail.com,Qcomp
Tori,6444428182,Tori@gmail.com,Jcomp
Magdalena,7568047863,Magdalena@gmail.com,Hcomp
Sidoney,8567813663,Sidoney@gmail.com,Ecomp
Barbara,8334495214,Barbara@gmail.com,Lcomp
Kittie,3235469793,Kittie@gmail.com,Tcomp
Ermengarde,9715383314,Ermengarde@gmail.com,Wcomp
Brietta,7861479010,Brietta@gmail.com,Ucomp
Lizzie,3601360814,Lizzie@gmail.com,Tcomp
Georgetta,2785603354,Georgetta@gmail.com,Ccomp
Gerianna,1953175826,Gerianna@gmail.com,Tcomp
Devina,5795591702,Devina@gmail.com,Ocomp
Katharina,8707375746,Katharina@gmail.com,Ccomp
Julieta,8870836445,Julieta@gmail.com,Kcomp
Camile,8791877390,Camile@gmail.com,Lcomp